table_id,num_classes,model,train_accuracy,train_balanced_accuracy,test_accuracy,test_balanced_accuracy,test_macro_f1,test_auc,test_logloss
0,2,dummy,0.592375366568915,0.5,0.6,0.5,0.375,0.5,0.6731322855905173
0,2,logistic,0.8973607038123167,0.893172590640359,0.8833333333333333,0.8958333333333334,0.8817234581807942,0.9710648148148149,0.2682740343889615
0,2,random_forest,0.9912023460410557,0.9914523826483368,0.8833333333333333,0.8958333333333334,0.8817234581807942,0.9560185185185185,0.32478015894999146
0,2,extra_trees,0.9618768328445748,0.9644561578460005,0.8833333333333333,0.8888888888888888,0.8806479113384484,0.9479166666666667,0.3642864039994325
1,4,dummy,0.3105134474327628,0.25,0.30985915492957744,0.25,0.11827956989247312,0.5,1.3642110665052174
1,4,logistic,0.9119804400977995,0.9139542830371464,0.8450704225352113,0.844896331738437,0.8396730809521508,0.9684235256435965,0.4266979328777455
1,4,random_forest,0.9902200488997555,0.991667303722957,0.8873239436619719,0.8851010101010102,0.8814634977425675,0.9798057738778685,0.32422487450885284
1,4,extra_trees,0.9902200488997555,0.991667303722957,0.9154929577464789,0.9147727272727273,0.9155668677727501,0.9776205903891704,0.3977404171221279
2,3,dummy,0.37305699481865284,0.3333333333333333,0.38235294117647056,0.3333333333333333,0.1843971631205674,0.5,1.0872201001753243
2,3,logistic,0.8575129533678757,0.8629045494921407,0.7794117647058824,0.758903133903134,0.7679891601492855,0.9079933492433492,0.5455247356748442
2,3,random_forest,0.9974093264248705,0.9968253968253968,0.8382352941176471,0.8272792022792023,0.8359799366664354,0.9639713989713989,0.4291241274008988
2,3,extra_trees,1.0,1.0,0.8235294117647058,0.8165954415954416,0.8179788838612367,0.9461094923594923,0.5058320106154364
3,2,dummy,0.5912806539509536,0.5,0.59375,0.5,0.37254901960784315,0.5,0.6754772061633185
3,2,logistic,0.9782016348773842,0.9774500768049155,1.0,1.0,1.0,1.0,0.04705621223683975
3,2,random_forest,0.997275204359673,0.9976958525345623,1.0,1.0,1.0,1.0,0.02628298115558365
3,2,extra_trees,1.0,1.0,1.0,1.0,1.0,1.0,0.07263539072986062
4,3,dummy,0.3864734299516908,0.3333333333333333,0.3835616438356164,0.3333333333333333,0.18481848184818483,0.5,1.0892920510901134
4,3,logistic,0.9057971014492754,0.9086988304093567,0.863013698630137,0.8685714285714287,0.8639858906525574,0.9782429869222322,0.2699583057216259
4,3,random_forest,0.9975845410628019,0.9979166666666667,0.9178082191780822,0.920952380952381,0.9194873071179691,0.9851592293101726,0.3108299905263525
4,3,extra_trees,0.9951690821256038,0.9958333333333332,0.9178082191780822,0.920952380952381,0.9194873071179691,0.9880410801637217,0.36812184140255033
5,4,dummy,0.3062200956937799,0.25,0.3013698630136986,0.25,0.11578947368421053,0.5,1.3631585988840895
5,4,logistic,0.8708133971291866,0.8808401796683046,0.7945205479452054,0.7882430069930071,0.798200498029321,0.9585598708566976,0.48167253112829256
5,4,random_forest,0.9952153110047847,0.9952059659090909,0.8493150684931506,0.8579545454545455,0.8642950043353566,0.9624818228726898,0.46829153157696857
5,4,extra_trees,0.9856459330143541,0.9856178977272727,0.7808219178082192,0.7890078671328671,0.7980915538362346,0.9390792901628815,0.5974768793295989
6,2,dummy,0.5151515151515151,0.5,0.5142857142857142,0.5,0.33962264150943394,0.5,0.6927404622925324
6,2,logistic,0.9242424242424242,0.923406862745098,0.9,0.8986928104575163,0.8994871794871795,0.9836601307189543,0.18655584096738004
6,2,random_forest,0.9873737373737373,0.9869791666666667,0.9857142857142858,0.9852941176470589,0.9856879983643426,0.9991830065359477,0.07616640799811188
6,2,extra_trees,0.9924242424242424,0.9921875,0.9714285714285714,0.9705882352941176,0.9713349713349714,0.9991830065359477,0.10994829404900747
7,4,dummy,0.3251366120218579,0.25,0.3230769230769231,0.25,0.12209302325581395,0.5,1.3399605426418342
7,4,logistic,0.9234972677595629,0.9335276454323064,0.9384615384615385,0.9392857142857143,0.9334717607973422,0.9865909090909092,0.29510924408945455
7,4,random_forest,0.994535519125683,0.9934772829509672,0.9076923076923077,0.9154761904761904,0.9114434120531681,0.9940367965367966,0.27799106883015384
7,4,extra_trees,0.994535519125683,0.9957624075271134,0.9538461538461539,0.9511904761904761,0.9514605785592739,0.997012987012987,0.3184557446429075
8,3,dummy,0.3724340175953079,0.3333333333333333,0.36666666666666664,0.3333333333333333,0.17886178861788618,0.5,1.0883291433092857
8,3,logistic,0.9384164222873901,0.9420526703824943,0.9666666666666667,0.9696969696969697,0.9696969696969697,0.9928229665071772,0.19298935306994972
8,3,random_forest,0.9941348973607038,0.9946666666666667,0.8833333333333333,0.8882575757575758,0.8888708700916795,0.9795155502392344,0.2746440882863575
8,3,extra_trees,0.9970674486803519,0.9973333333333333,0.9333333333333333,0.9393939393939394,0.9363401456424713,0.9856459330143541,0.31451786651911956
9,4,dummy,0.37799043062200954,0.25,0.3783783783783784,0.25,0.13725490196078433,0.5,1.308458234100297
9,4,logistic,0.6220095693779905,0.6246523782125049,0.4864864864864865,0.533946608946609,0.45487012987012987,0.7686962238408444,1.1593683581025165
9,4,random_forest,0.9904306220095693,0.9907197743049112,0.6621621621621622,0.609018759018759,0.5940336947551155,0.8823754379576044,0.776571280249817
9,4,extra_trees,0.9832535885167464,0.9880563495304205,0.527027027027027,0.5018217893217893,0.47146509210462695,0.8472335103691035,0.9201108606111043
10,4,dummy,0.2985507246376812,0.25,0.29508196721311475,0.25,0.11392405063291139,0.5,1.3753276150543796
10,4,logistic,0.7623188405797101,0.7572888605907289,0.8360655737704918,0.833584715937657,0.8253144016227181,0.9358028518638983,0.535921163867061
10,4,random_forest,0.9739130434782609,0.9734364174529377,0.819672131147541,0.8143539467068879,0.8152525376054789,0.9649447489734768,0.41338290898845076
10,4,extra_trees,0.9681159420289855,0.9665711461324582,0.7868852459016393,0.7713675213675214,0.775199739873653,0.9486916744526183,0.5120201836122402
11,2,dummy,0.5871794871794872,0.5,0.5882352941176471,0.5,0.37037037037037035,0.5,0.6774967043923015
11,2,logistic,0.9923076923076923,0.9925275977108139,0.9705882352941176,0.9642857142857143,0.9692863595302619,0.9991071428571429,0.06151487253432319
11,2,random_forest,1.0,1.0,0.9852941176470589,0.9821428571428572,0.9847362514029181,1.0,0.07453086371146049
11,2,extra_trees,1.0,1.0,0.9705882352941176,0.9642857142857143,0.9692863595302619,0.9991071428571429,0.16496388029565184
12,3,dummy,0.3805970149253731,0.3333333333333333,0.38571428571428573,0.3333333333333333,0.18556701030927836,0.5,1.09114269363583
12,3,logistic,0.8059701492537313,0.7988634251845524,0.6714285714285714,0.6664251207729469,0.6649501683232871,0.8209920616139232,0.9522959963561791
12,3,random_forest,0.9875621890547264,0.9880842234050305,0.8857142857142857,0.8818303811057434,0.8815135481802149,0.9437074249632748,0.46563345224404296
12,3,extra_trees,0.9776119402985075,0.9787143936017642,0.8571428571428571,0.8506172839506173,0.8490090968161144,0.9370060197236585,0.502280199943016
13,4,dummy,0.2857142857142857,0.25,0.28378378378378377,0.25,0.11052631578947368,0.5,1.3702649130540143
13,4,logistic,0.8357142857142857,0.8364378852536747,0.8243243243243243,0.8129578754578753,0.8131184340486666,0.944248573924958,0.4681146706050683
13,4,random_forest,0.9976190476190476,0.9979166666666667,0.7567567567567568,0.7168040293040293,0.7174733161575266,0.938822376014999,0.5141597137994632
13,4,extra_trees,0.9785714285714285,0.9808025130393552,0.7972972972972973,0.7824175824175825,0.7788602806751628,0.9272350300516864,0.6006011396312377
14,2,dummy,0.5510752688172043,0.5,0.5538461538461539,0.5,0.3564356435643564,0.5,0.6873526264413221
14,2,logistic,0.8118279569892473,0.8159485906236308,0.7846153846153846,0.7921455938697317,0.7845643939393939,0.8563218390804598,0.476384956546866
14,2,random_forest,0.9865591397849462,0.9861399152913685,0.8923076923076924,0.889367816091954,0.8906512857486181,0.9549808429118773,0.2998693426679614
14,2,extra_trees,0.9650537634408602,0.9649627574120052,0.8307692307692308,0.8338122605363985,0.8301259206462342,0.9137931034482758,0.3993096197188385
15,2,dummy,0.5053763440860215,0.5,0.5,0.5,0.3333333333333333,0.5,0.6932049940536791
15,2,logistic,0.978494623655914,0.978549953746531,0.9242424242424242,0.9242424242424243,0.9242250287026407,0.9733700642791552,0.19906245794246905
15,2,random_forest,0.9919354838709677,0.9919056429232191,0.8787878787878788,0.8787878787878788,0.8786764705882353,0.953168044077135,0.27386079411780184
15,2,extra_trees,0.978494623655914,0.9783765032377428,0.8484848484848485,0.8484848484848485,0.8484848484848485,0.9595959595959597,0.2756870968283268
16,3,dummy,0.39050131926121373,0.3333333333333333,0.3939393939393939,0.3333333333333333,0.18840579710144925,0.5,1.0875563383475673
16,3,logistic,0.9261213720316622,0.925425349637948,0.8636363636363636,0.8581973581973582,0.8626711061783204,0.9517832756469119,0.36491314972312316
16,3,random_forest,0.9973614775725593,0.9973753280839895,0.7727272727272727,0.7776482776482777,0.7810754275870555,0.930952738339102,0.5328249332897774
16,3,extra_trees,0.9920844327176781,0.992870823579485,0.7424242424242424,0.7393162393162394,0.7269330734243015,0.8854039619191134,0.668883601520195
17,2,dummy,0.5482233502538071,0.5,0.5507246376811594,0.5,0.35514018691588783,0.5,0.688004973775428
17,2,logistic,0.9746192893401016,0.9748751560549314,1.0,1.0,1.0,1.0,0.08630699767670452
17,2,random_forest,0.9949238578680203,0.9953703703703703,0.9855072463768116,0.9838709677419355,0.9853097721950181,1.0,0.07055756568616064
17,2,extra_trees,1.0,1.0,0.9710144927536232,0.967741935483871,0.9705128205128205,0.9983022071307301,0.15327857848954748
18,4,dummy,0.2926208651399491,0.25,0.2898550724637681,0.25,0.11235955056179775,0.5,1.3820256069386736
18,4,logistic,0.8600508905852418,0.8625206072685219,0.782608695652174,0.7849264705882353,0.7839043309631546,0.953318575253033,0.5140837507558678
18,4,random_forest,0.989821882951654,0.9903890160183066,0.8840579710144928,0.8849264705882353,0.8860381652661065,0.9740587708232785,0.3961921357267283
18,4,extra_trees,0.9872773536895675,0.987299771167048,0.8695652173913043,0.8674632352941176,0.8714593596059114,0.9803887610922453,0.43724521930951543
19,4,dummy,0.2857142857142857,0.25,0.28,0.25,0.109375,0.5,1.3788613776739056
19,4,logistic,0.6276346604215457,0.6261817189938974,0.5333333333333333,0.5239035087719298,0.5276870113198739,0.7510177484958187,1.1718894223701923
19,4,random_forest,0.9836065573770492,0.9824491578524386,0.7866666666666666,0.7811090225563908,0.7799185463659147,0.9557739361028834,0.5261845081075701
19,4,extra_trees,0.9976580796252927,0.9978448275862069,0.8,0.7885025062656641,0.7885994054904704,0.9418385505008312,0.6230733500799943
20,2,dummy,0.5995085995085995,0.5,0.5972222222222222,0.5,0.3739130434782609,0.5,0.6741327755675425
20,2,logistic,0.9631449631449631,0.9631524690737202,0.9166666666666666,0.9077786688051324,0.9123376623376623,0.9823576583801122,0.17493681832539337
20,2,random_forest,0.9877149877149877,0.9877174896912401,0.9583333333333334,0.9538893344025661,0.956442831215971,0.9887730553327987,0.1596067343474498
20,2,extra_trees,0.9901719901719902,0.9918032786885246,0.9444444444444444,0.9310344827586207,0.9407407407407408,0.9935846030473134,0.1923959006486633
21,4,dummy,0.29658792650918636,0.25,0.30303030303030304,0.25,0.11627906976744186,0.5,1.3566234647109938
21,4,logistic,0.847769028871391,0.8418189666106155,0.7878787878787878,0.7777777777777777,0.7737664524982846,0.9460924919484703,0.48101225044217116
21,4,random_forest,0.994750656167979,0.995575221238938,0.8333333333333334,0.7847222222222221,0.7861111111111111,0.9465953531170923,0.47851758627141683
21,4,extra_trees,1.0,1.0,0.8181818181818182,0.7583333333333333,0.7558224721015419,0.9410897601794341,0.5554398292462712
22,2,dummy,0.5153664302600472,0.5,0.5135135135135135,0.5,0.3392857142857143,0.5,0.6927887785737364
22,2,logistic,0.9243498817966903,0.9244238084582681,0.9054054054054054,0.9078947368421053,0.9049715648504861,0.9875730994152048,0.17358515456709425
22,2,random_forest,0.9929078014184397,0.9931192660550459,0.8918918918918919,0.8925438596491229,0.8918918918918919,0.9634502923976608,0.28346885190741605
22,2,extra_trees,0.9929078014184397,0.9929738196464534,0.8783783783783784,0.8779239766081872,0.8781781598683007,0.9429824561403508,0.3375436629402393
23,3,dummy,0.35294117647058826,0.3333333333333333,0.3472222222222222,0.3333333333333333,0.17182130584192437,0.5,1.0969689533824507
23,3,logistic,0.8921568627450981,0.8939674782147652,0.8055555555555556,0.8115151515151515,0.8005687123334182,0.9425338491295938,0.42266377016636597
23,3,random_forest,0.9975490196078431,0.9976851851851851,0.9166666666666666,0.9199999999999999,0.9156373002484989,0.9775306254029658,0.4513968773760653
23,3,extra_trees,0.9950980392156863,0.9953703703703703,0.9027777777777778,0.9066666666666666,0.9037037037037038,0.9710444874274661,0.4775805553646758
24,2,dummy,0.517426273458445,0.5,0.5151515151515151,0.5,0.34,0.5,0.6926983340187727
24,2,logistic,0.9839142091152815,0.9837075417386298,0.9545454545454546,0.953125,0.9542830755021934,0.9981617647058824,0.08641326616355148
24,2,random_forest,1.0,1.0,0.9848484848484849,0.984375,0.9848171152518979,1.0,0.08334896744443099
24,2,extra_trees,1.0,1.0,0.9393939393939394,0.9375,0.9388888888888889,0.9944852941176471,0.13486504484431697
25,2,dummy,0.5236842105263158,0.5,0.5223880597014925,0.5,0.3431372549019608,0.5,0.6921477621851532
25,2,logistic,0.9526315789473684,0.9525250562203282,0.9253731343283582,0.9258928571428571,0.9253065774804905,0.9830357142857142,0.19353916634547924
25,2,random_forest,0.9973684210526316,0.9972375690607735,0.9253731343283582,0.9272321428571428,0.9253731343283582,0.9723214285714286,0.2963709503824822
25,2,extra_trees,0.9973684210526316,0.9974874371859297,0.9104477611940298,0.9116071428571428,0.910427807486631,0.9714285714285714,0.3741266714286658
26,3,dummy,0.4152542372881356,0.3333333333333333,0.4126984126984127,0.3333333333333333,0.1947565543071161,0.5,1.0795539562172611
26,3,logistic,0.5480225988700564,0.5611156669866576,0.5079365079365079,0.5220543345543346,0.5089487002530481,0.6739144723567216,1.0379626447102275
26,3,random_forest,1.0,1.0,0.8888888888888888,0.8801129426129427,0.8913469672090363,0.9740239734540647,0.4642127722579165
26,3,extra_trees,1.0,1.0,0.8253968253968254,0.8318833943833943,0.8228114478114478,0.9577863377255476,0.5795911576077146
27,4,dummy,0.3278301886792453,0.25,0.32432432432432434,0.25,0.12244897959183673,0.5,1.3682744870356691
27,4,logistic,0.7783018867924528,0.7927428993762768,0.7702702702702703,0.7837301587301587,0.7762740183792816,0.9438392857142857,0.550451781789931
27,4,random_forest,0.9787735849056604,0.9826252734076475,0.8783783783783784,0.888888888888889,0.8819987689552906,0.9814087301587301,0.5514470791324623
27,4,extra_trees,0.9669811320754716,0.9730500764223786,0.7432432432432432,0.7524801587301587,0.7397092009206314,0.924890873015873,0.7454067630678369
28,2,dummy,0.5586034912718204,0.5,0.5571428571428572,0.5,0.3577981651376147,0.5,0.6866066025617797
28,2,logistic,0.9276807980049875,0.9240062550443906,0.9428571428571428,0.9454094292803971,0.9424342105263157,0.9933829611248965,0.1458789922172018
28,2,random_forest,1.0,1.0,0.9428571428571428,0.9387923904052936,0.9416666666666667,0.9958643507030603,0.15629544726804537
28,2,extra_trees,1.0,1.0,0.9428571428571428,0.935483870967742,0.9411269974768712,0.9884201819685692,0.2921544879815089
29,2,dummy,0.518918918918919,0.5,0.5151515151515151,0.5,0.34,0.5,0.6927163956641595
29,2,logistic,0.8108108108108109,0.8101299157303371,0.8484848484848485,0.8483455882352942,0.8483455882352942,0.890625,0.4066592744200046
29,2,random_forest,0.9864864864864865,0.9863647003745318,0.7727272727272727,0.7748161764705883,0.7722567287784678,0.8428308823529412,0.48000380515557295
29,2,extra_trees,0.981081081081081,0.9817708333333333,0.7878787878787878,0.7895220588235294,0.7876838235294117,0.8593749999999999,0.46003093326580435
30,4,dummy,0.3504273504273504,0.25,0.3548387096774194,0.25,0.13095238095238096,0.5,1.3392131514615864
30,4,logistic,0.8233618233618234,0.8455838429174518,0.7741935483870968,0.7965909090909091,0.778673782357993,0.9542322261072261,0.501099769244111
30,4,random_forest,0.9971509971509972,0.9974747474747475,0.8870967741935484,0.8717171717171717,0.883705475810739,0.973945707070707,0.5014424435623097
30,4,extra_trees,0.9829059829059829,0.9873121458487313,0.8709677419354839,0.8809343434343434,0.8789346908659346,0.9691326728826729,0.5845621994015435
31,4,dummy,0.3567251461988304,0.25,0.3548387096774194,0.25,0.13095238095238096,0.5,1.3211859950524538
31,4,logistic,0.8187134502923976,0.8464977645305514,0.8870967741935484,0.8909090909090909,0.8890977443609023,0.9773424492174492,0.402999412590903
31,4,random_forest,0.9941520467836257,0.9954545454545455,0.8387096774193549,0.8420454545454545,0.851911976911977,0.9626279970029971,0.46735560933196063
31,4,extra_trees,0.9883040935672515,0.9913561847988077,0.8387096774193549,0.8556818181818182,0.8482696566998893,0.9567453379953379,0.5457660002418465
32,4,dummy,0.34517766497461927,0.25,0.34782608695652173,0.25,0.12903225806451613,0.5,1.3495348938338083
32,4,logistic,0.9187817258883249,0.9199152436833584,0.9130434782608695,0.9043560606060606,0.906606990622336,0.9940891482888642,0.22557633520745915
32,4,random_forest,0.9898477157360406,0.9914691604797259,0.9710144927536232,0.9704861111111112,0.9747926267281106,1.0,0.1404472345004035
32,4,extra_trees,0.9796954314720813,0.9817604226156482,0.9710144927536232,0.96875,0.9733333333333334,1.0,0.1884048966038051
33,4,dummy,0.4358974358974359,0.25,0.4426229508196721,0.25,0.1534090909090909,0.5,1.2926500565394756
33,4,logistic,0.7635327635327636,0.781289416351336,0.5901639344262295,0.5920584045584045,0.578728962586376,0.8095117320432448,1.200996139353001
33,4,random_forest,1.0,1.0,0.6229508196721312,0.5379273504273504,0.5243946731234866,0.8661747818785633,0.8108916546323625
33,4,extra_trees,0.9943019943019943,0.9946895424836601,0.6065573770491803,0.5744301994301995,0.5851320366856421,0.8413203956796393,0.9038016254710687
34,4,dummy,0.28738317757009346,0.25,0.2894736842105263,0.25,0.11224489795918367,0.5,1.3801520642106564
34,4,logistic,0.866822429906542,0.8623847427786624,0.8421052631578947,0.8457219251336898,0.8450137261112871,0.9745435133692237,0.3578269007370592
34,4,random_forest,0.9836448598130841,0.9828907754286729,0.868421052631579,0.872927807486631,0.8714729794356766,0.9741332804736343,0.38604760992650017
34,4,extra_trees,0.9579439252336449,0.9569268012387796,0.868421052631579,0.8673796791443851,0.8651849505508041,0.9633728361872055,0.43657842595379814
35,2,dummy,0.5352941176470588,0.5,0.5333333333333333,0.5,0.34782608695652173,0.5,0.690931035756665
35,2,logistic,0.9823529411764705,0.983099179301711,1.0,1.0,1.0,1.0,0.05743220747342499
35,2,random_forest,0.9970588235294118,0.9972527472527473,1.0,1.0,1.0,1.0,0.04936840878207462
35,2,extra_trees,0.9882352941176471,0.9885936847962165,0.9833333333333333,0.9821428571428572,0.9832167832167833,0.9988839285714286,0.10611735486057344
36,4,dummy,0.26246719160104987,0.25,0.26865671641791045,0.25,0.10588235294117647,0.5,1.3816466346855243
36,4,logistic,0.8818897637795275,0.8849765952204977,0.7910447761194029,0.7999533146591971,0.7823122128929751,0.9348032420515375,0.6855321243164559
36,4,random_forest,0.9921259842519685,0.9919259669869427,0.7014925373134329,0.7070494864612511,0.7004608294930875,0.9329372000372476,0.5692458701480936
36,4,extra_trees,0.9711286089238845,0.9708284060113328,0.746268656716418,0.7463818860877685,0.7414507377922013,0.9340976264719725,0.6020989910224579
37,3,dummy,0.358600583090379,0.3333333333333333,0.36666666666666664,0.3333333333333333,0.17886178861788618,0.5,1.0962919518608565
37,3,logistic,0.8717201166180758,0.8721113574772111,0.7833333333333333,0.7791068580542264,0.7794002745222257,0.9270723927334966,0.5102850259179957
37,3,random_forest,1.0,1.0,0.85,0.8492822966507177,0.846825895663105,0.9536313066479947,0.45167786854620134
37,3,extra_trees,0.9912536443148688,0.9915496427691549,0.8333333333333334,0.8341307814992026,0.831328320802005,0.9450441513984519,0.5283528497373947
38,2,dummy,0.5411764705882353,0.5,0.5409836065573771,0.5,0.35106382978723405,0.5,0.6897841716416239
38,2,logistic,0.95,0.9513656633221851,1.0,1.0,1.0,1.0,0.03646027943502934
38,2,random_forest,0.9823529411764705,0.9836956521739131,0.9836065573770492,0.9848484848484849,0.9835357624831309,0.998917748917749,0.08297462077984098
38,2,extra_trees,0.961764705882353,0.9646739130434783,0.9672131147540983,0.9696969696969697,0.9671336206896552,1.0,0.08159624561266529
39,3,dummy,0.4375,0.3333333333333333,0.4411764705882353,0.3333333333333333,0.20408163265306123,0.5,1.072878832109133
39,3,logistic,0.9713541666666666,0.9722985347985348,0.8970588235294118,0.9111111111111111,0.9024362708573235,0.9892446393762183,0.1864327811706687
39,3,random_forest,0.9921875,0.9916056166056166,0.9117647058823529,0.9166666666666666,0.9166666666666666,0.9936038011695906,0.13087770566254242
39,3,extra_trees,0.9921875,0.9928266178266179,0.8970588235294118,0.9055555555555556,0.9035414082954388,0.991045321637427,0.19636848908720844
40,2,dummy,0.5875299760191847,0.5,0.589041095890411,0.5,0.3706896551724138,0.5,0.6772103675819953
40,2,logistic,0.9400479616306955,0.9420503084954912,0.8904109589041096,0.8968992248062015,0.8887195121951219,0.9449612403100776,0.27357615559039783
40,2,random_forest,0.9784172661870504,0.9807664926435691,0.9178082191780822,0.9302325581395349,0.9170454545454545,0.9643410852713178,0.21555824953304517
40,2,extra_trees,0.9832134292565947,0.9857142857142858,0.9041095890410958,0.9135658914728682,0.9029439696106363,0.9434108527131783,0.27653976193404717
41,2,dummy,0.5807291666666666,0.5,0.582089552238806,0.5,0.36792452830188677,0.5,0.6796123838338524
41,2,logistic,0.9791666666666666,0.9803359050775702,0.9552238805970149,0.9514652014652014,0.9537399309551209,0.9963369963369964,0.08886317950970674
41,2,random_forest,0.9973958333333334,0.9977578475336323,0.9701492537313433,0.9642857142857143,0.9689814814814814,0.9917582417582417,0.13817178801522356
41,2,extra_trees,0.9947916666666666,0.9955156950672646,0.9552238805970149,0.9514652014652014,0.9537399309551209,0.9963369963369964,0.14038082756087214
42,3,dummy,0.44675324675324674,0.3333333333333333,0.44776119402985076,0.3333333333333333,0.2061855670103093,0.5,1.0686653527790022
42,3,logistic,0.8961038961038961,0.9093749397178659,0.8208955223880597,0.8415032679738562,0.8259398496240601,0.9474503790398657,0.42940133754627235
42,3,random_forest,0.9922077922077922,0.9917520261686468,0.8507462686567164,0.8581699346405228,0.854775828460039,0.9541777447034017,0.47496080045447797
42,3,extra_trees,0.9948051948051948,0.9961240310077519,0.7611940298507462,0.7830065359477124,0.7657447387871009,0.9323242641890953,0.5645747731270744
43,4,dummy,0.2798913043478261,0.25,0.2727272727272727,0.25,0.10714285714285714,0.5,1.3841419728446651
43,4,logistic,0.8695652173913043,0.866786070259803,0.8181818181818182,0.817544934640523,0.8103438743918621,0.9610256185807657,0.44787756092999814
43,4,random_forest,0.9891304347826086,0.9888156800902858,0.8636363636363636,0.8625816993464053,0.8594232669942868,0.9796131230269887,0.36408027636758555
43,4,extra_trees,0.9836956521739131,0.9849721131997521,0.9242424242424242,0.9233660130718955,0.9231956388206388,0.9806487872926949,0.3782857455130834
44,4,dummy,0.37752161383285304,0.25,0.3770491803278688,0.25,0.13690476190476192,0.5,1.341633968099335
44,4,logistic,0.7089337175792507,0.7319631579754131,0.6065573770491803,0.6266469038208169,0.6087072649572649,0.8802961490400196,0.7870823616956132
44,4,random_forest,0.9971181556195965,0.9963768115942029,0.8032786885245902,0.776366930171278,0.7719998902064119,0.9248693232233605,0.7180003252437951
44,4,extra_trees,0.9567723342939481,0.9674519518498821,0.7213114754098361,0.7104249011857707,0.7028841061196976,0.8849220878282663,0.8260805467658369
45,3,dummy,0.4080604534005038,0.3333333333333333,0.4084507042253521,0.3333333333333333,0.19333333333333333,0.5,1.0856673765844214
45,3,logistic,0.8312342569269522,0.8416516875298238,0.8309859154929577,0.849582027168234,0.8357753357753358,0.953216396276379,0.42073106770804275
45,3,random_forest,0.9874055415617129,0.987821154487821,0.7746478873239436,0.7911180773249739,0.7845679012345679,0.9091408768314014,0.5416530427848862
45,3,extra_trees,0.9722921914357683,0.977366255144033,0.7464788732394366,0.7696447230929989,0.7536571131326203,0.897818354091898,0.5783963845950498
46,4,dummy,0.3278236914600551,0.25,0.3333333333333333,0.25,0.125,0.5,1.3400196733659893
46,4,logistic,0.6749311294765841,0.7092023060329349,0.7777777777777778,0.7780303030303031,0.7757866523720183,0.900889462143615,0.7722913969642606
46,4,random_forest,0.9807162534435262,0.9834401399817222,0.9047619047619048,0.9063311688311688,0.9100606673407482,0.9796686563713142,0.5125468669457637
46,4,extra_trees,0.9752066115702479,0.9808207765864967,0.746031746031746,0.7746753246753246,0.7541221033868092,0.9429386551064292,0.7228552404044395
47,2,dummy,0.5939226519337016,0.5,0.59375,0.5,0.37254901960784315,0.5,0.6754646442461096
47,2,logistic,0.9558011049723757,0.9606391393766809,0.953125,0.9544534412955465,0.9516981132075472,0.9858299595141701,0.14959339565375068
47,2,random_forest,0.994475138121547,0.9953488372093023,0.9375,0.9291497975708503,0.9343589743589744,0.9939271255060729,0.16295957517585935
47,2,extra_trees,0.9972375690607734,0.9976744186046511,0.953125,0.9605263157894737,0.9521793275217932,0.9878542510121457,0.24833978375872667
48,4,dummy,0.28,0.25,0.27631578947368424,0.25,0.10824742268041238,0.5,1.3813746610161983
48,4,logistic,0.7905882352941176,0.7886524892976059,0.7894736842105263,0.7941337719298245,0.794878011983275,0.9215021142869134,0.6654144043625853
48,4,random_forest,0.96,0.9608986497686552,0.7894736842105263,0.7947290100250626,0.7944357042969743,0.9192352891798875,0.6438401107925703
48,4,extra_trees,0.8917647058823529,0.8913013318534961,0.7236842105263158,0.7259790100250626,0.728837225383278,0.910783584634433,0.662840713600325
49,2,dummy,0.5113924050632911,0.5,0.5142857142857142,0.5,0.33962264150943394,0.5,0.6927557144838435
49,2,logistic,0.8734177215189873,0.8741599548555892,0.8571428571428571,0.8594771241830066,0.8566748566748568,0.9240196078431373,0.3309491291328411
49,2,random_forest,0.9898734177215189,0.989983583850613,0.8571428571428571,0.8586601307189543,0.8570261437908497,0.9599673202614379,0.2854971181529789
49,2,extra_trees,0.9417721518987342,0.942953880880316,0.8428571428571429,0.8464052287581699,0.8412698412698412,0.9027777777777779,0.3758549063392184
50,2,dummy,0.537467700258398,0.5,0.5362318840579711,0.5,0.3490566037735849,0.5,0.6905224504811889
50,2,logistic,0.7777777777777778,0.7734072840567254,0.6376811594202898,0.6326013513513513,0.6327443048754524,0.7314189189189189,0.6410570321265663
50,2,random_forest,1.0,1.0,0.9420289855072463,0.9396114864864865,0.9414261460101867,0.9864864864864865,0.21232917773589993
50,2,extra_trees,0.9974160206718347,0.9975961538461539,0.9420289855072463,0.941722972972973,0.941722972972973,0.9746621621621622,0.32365433519086884
51,3,dummy,0.48517520215633425,0.3333333333333333,0.49230769230769234,0.3333333333333333,0.21993127147766323,0.5,1.0448571029249074
51,3,logistic,0.8113207547169812,0.8167633415385115,0.8307692307692308,0.8645833333333334,0.8351674641148326,0.9615687183964495,0.4257262386978964
51,3,random_forest,0.9784366576819407,0.9752390468994988,0.8153846153846154,0.8370098039215685,0.8190476190476191,0.9613849327609832,0.4377340374386669
51,3,extra_trees,0.9326145552560647,0.9388941694491156,0.7692307692307693,0.8045343137254902,0.7745098039215685,0.9224777032024932,0.5482485146254892
52,3,dummy,0.45605700712589076,0.3333333333333333,0.4594594594594595,0.3333333333333333,0.20987654320987656,0.5,1.0639432060726628
52,3,logistic,0.8052256532066508,0.831586582656657,0.7162162162162162,0.7604304879846676,0.7351870241641841,0.8980108312772311,0.6580542246983276
52,3,random_forest,0.9786223277909739,0.9833788706739526,0.8378378378378378,0.8425966877979262,0.8425966877979262,0.9589285819651203,0.3692735706978025
52,3,extra_trees,0.9429928741092637,0.9543488160291439,0.8108108108108109,0.8367978770455551,0.8189340813464235,0.9505918368972578,0.406212690411362
53,2,dummy,0.5855072463768116,0.5,0.5901639344262295,0.5,0.3711340206185567,0.5,0.6768435504257686
53,2,logistic,0.9304347826086956,0.9314027556601814,0.9344262295081968,0.9383333333333332,0.932967032967033,0.9733333333333333,0.25989390398546736
53,2,random_forest,1.0,1.0,0.9344262295081968,0.9322222222222223,0.9322222222222223,0.9755555555555555,0.2638450109012941
53,2,extra_trees,0.9971014492753624,0.9975247524752475,0.8852459016393442,0.8844444444444444,0.8820767743717206,0.9722222222222221,0.3187589770002392
54,4,dummy,0.4143920595533499,0.25,0.4084507042253521,0.25,0.145,0.5,1.317316664805975
54,4,logistic,0.674937965260546,0.723318945422277,0.6619718309859155,0.7055398962092674,0.6719233147804576,0.9047417933240502,0.8034094710416677
54,4,random_forest,0.9950372208436724,0.9944707359474599,0.7887323943661971,0.7597830668317483,0.777791461412151,0.9454116042097787,0.6550764936415787
54,4,extra_trees,0.967741935483871,0.9751571879628705,0.7183098591549296,0.7388075920023182,0.7132745726495726,0.9189152020594851,0.7844206505830373
55,3,dummy,0.38663484486873506,0.3333333333333333,0.38666666666666666,0.3333333333333333,0.1858974358974359,0.5,1.0871329405811248
55,3,logistic,0.954653937947494,0.9541413266030124,0.96,0.9590185676392573,0.9610908140511264,0.9781796186251102,0.22065109473969305
55,3,random_forest,0.9928400954653938,0.9924261083743842,0.96,0.9576923076923077,0.9580757726819541,0.9934840100999879,0.15041525298754357
55,3,extra_trees,0.9976133651551312,0.9977011494252874,0.9333333333333333,0.9333775419982316,0.9365510306686778,0.9881975945094386,0.22462202829723832
56,3,dummy,0.36314363143631434,0.3333333333333333,0.36923076923076925,0.3333333333333333,0.1797752808988764,0.5,1.0956958382514306
56,3,logistic,0.8563685636856369,0.8531311134850235,0.7692307692307693,0.7654761904761904,0.76036076326774,0.924011074742782,0.4615687778890189
56,3,random_forest,0.967479674796748,0.9677370176068368,0.8615384615384616,0.8630952380952381,0.8573128998660913,0.9542282288623752,0.407899054960516
56,3,extra_trees,0.991869918699187,0.9919101969145867,0.7846153846153846,0.7801587301587302,0.7697643097643098,0.9250630579898873,0.5258557926630077
57,3,dummy,0.41025641025641024,0.3333333333333333,0.4032258064516129,0.3333333333333333,0.19157088122605362,0.5,1.0826521125562945
57,3,logistic,0.7948717948717948,0.8142966782672666,0.7580645161290323,0.78234126984127,0.7618028811867066,0.9196463498796478,0.5615912743648166
57,3,random_forest,0.9686609686609686,0.9725918145035792,0.8387096774193549,0.8490079365079365,0.842979242979243,0.9558409215911867,0.40912248899399856
57,3,extra_trees,0.9230769230769231,0.9340958605664488,0.7903225806451613,0.8090079365079367,0.7966903073286051,0.9387334325311526,0.47782993391303225
58,3,dummy,0.37567567567567567,0.3333333333333333,0.375,0.3333333333333333,0.1818181818181818,0.5,1.0877240762376972
58,3,logistic,0.9243243243243243,0.9228505487768753,0.875,0.8699204319408923,0.8686565065302606,0.9614631048583028,0.3277759075467602
58,3,random_forest,0.9945945945945946,0.9949874686716792,0.875,0.8602941176470589,0.8633333333333333,0.9384895181476846,0.46593661087728455
58,3,extra_trees,0.9891891891891892,0.9890798424633012,0.8125,0.8080420574026713,0.8074352548036758,0.9418218085106383,0.4925612874491496
59,2,dummy,0.5418994413407822,0.5,0.5396825396825397,0.5,0.35051546391752575,0.5,0.6900043544157014
59,2,logistic,0.9748603351955307,0.9758612019109882,0.9682539682539683,0.968052738336714,0.968052738336714,0.988843813387424,0.13607479616134527
59,2,random_forest,0.9972067039106145,0.9974226804123711,0.9682539682539683,0.9705882352941176,0.9681818181818183,0.9918864097363083,0.11447999135914627
59,2,extra_trees,0.9972067039106145,0.9974226804123711,0.9206349206349206,0.9239350912778905,0.9205548549810845,0.986815415821501,0.19095582001229036
60,2,dummy,0.5231481481481481,0.5,0.5263157894736842,0.5,0.3448275862068966,0.5,0.6917816139373164
60,2,logistic,0.9560185185185185,0.9553870607440502,0.9736842105263158,0.975,0.9736659736659736,0.9993055555555556,0.07331743953830952
60,2,random_forest,0.9953703703703703,0.9953604261534497,0.9605263157894737,0.961111111111111,0.9604647130223687,0.9944444444444445,0.15884330818968753
60,2,extra_trees,1.0,1.0,1.0,1.0,1.0,1.0,0.18069731801023525
61,3,dummy,0.36649214659685864,0.3333333333333333,0.36764705882352944,0.3333333333333333,0.17921146953405018,0.5,1.0958674407148676
61,3,logistic,0.8717277486910995,0.8685681725681725,0.8529411764705882,0.8459740259740259,0.8452069716775599,0.963363071276287,0.33723051726194386
61,3,random_forest,1.0,1.0,0.8382352941176471,0.8293795093795094,0.8257375022080904,0.9503358021407631,0.53362269960481
61,3,extra_trees,1.0,1.0,0.75,0.7374025974025974,0.7248037676609105,0.9095765840194986,0.6565805851632128
62,4,dummy,0.3990719257540603,0.25,0.39473684210526316,0.25,0.14150943396226415,0.5,1.3183361458820422
62,4,logistic,0.8955916473317865,0.9102325366408778,0.7894736842105263,0.8003787878787879,0.7843984962406015,0.9673870079641195,0.36135301082401877
62,4,random_forest,0.9907192575406032,0.9915411742279832,0.8289473684210527,0.8011363636363635,0.7907877943511852,0.9592184699655297,0.3838940057679238
62,4,extra_trees,0.9767981438515081,0.9839861281109751,0.868421052631579,0.8939393939393939,0.8644170295113691,0.9655906367183541,0.4267308154567216
63,2,dummy,0.5696517412935324,0.5,0.5714285714285714,0.5,0.36363636363636365,0.5,0.6829145460889787
63,2,logistic,0.9527363184079602,0.9549814473584572,0.9428571428571428,0.9458333333333333,0.9421009098428452,0.9916666666666667,0.15451230482713474
63,2,random_forest,0.9950248756218906,0.9956331877729258,0.9,0.8958333333333334,0.897468089558485,0.9816666666666667,0.20846579649187166
63,2,extra_trees,0.9900497512437811,0.9912663755458515,0.9285714285714286,0.925,0.9267629211132036,0.9816666666666666,0.21505804602807138
64,2,dummy,0.5700934579439252,0.5,0.5657894736842105,0.5,0.36134453781512604,0.5,0.6845032786251627
64,2,logistic,0.9953271028037384,0.9952334283677833,1.0,1.0,1.0,1.0,0.029963673739602216
64,2,random_forest,1.0,1.0,1.0,1.0,1.0,1.0,0.017892180179588286
64,2,extra_trees,1.0,1.0,0.9868421052631579,0.9848484848484849,0.9865605658709107,1.0,0.05738008675836871
65,4,dummy,0.4052631578947368,0.25,0.40298507462686567,0.25,0.14361702127659576,0.5,1.3253352624260595
65,4,logistic,0.7315789473684211,0.75363693514927,0.6268656716417911,0.6711880711880712,0.6393817204301075,0.8594332728766692,0.8153791838233173
65,4,random_forest,0.9973684210526316,0.9983766233766234,0.6716417910447762,0.6903679653679653,0.681848357791754,0.8974963061047967,0.7390032291386146
65,4,extra_trees,1.0,1.0,0.7014925373134329,0.731108706108706,0.7073635057471264,0.9150204573553629,0.8318510749803165
66,3,dummy,0.3923444976076555,0.3333333333333333,0.3918918918918919,0.3333333333333333,0.18770226537216828,0.5,1.0838544170391662
66,3,logistic,0.8755980861244019,0.8795321097150365,0.8378378378378378,0.8420121922844247,0.8448405961139408,0.9477290530602689,0.42131419604617365
66,3,random_forest,0.9976076555023924,0.9979674796747968,0.8783783783783784,0.8817999906929127,0.8833043569885675,0.9860914569399143,0.2838670289673956
66,3,extra_trees,0.9760765550239234,0.9782633242999097,0.8513513513513513,0.8601377448927359,0.8505145797598628,0.9743921073549022,0.38664099106931815
67,2,dummy,0.5158924205378973,0.5,0.5138888888888888,0.5,0.3394495412844037,0.5,0.6927693641966464
67,2,logistic,0.9657701711491442,0.9658911388769209,0.9583333333333334,0.9579150579150579,0.9582608695652174,0.9984555984555985,0.08058876080477059
67,2,random_forest,0.9975550122249389,0.9976303317535544,1.0,1.0,1.0,1.0,0.07385881865169955
67,2,extra_trees,0.9877750611246944,0.9878404902101585,0.9722222222222222,0.9714285714285714,0.9721362229102167,0.9891891891891893,0.11752563956345075
68,4,dummy,0.3224043715846995,0.25,0.3230769230769231,0.25,0.12209302325581395,0.5,1.3725928516953987
68,4,logistic,0.7622950819672131,0.7681790554040084,0.6307692307692307,0.6285714285714286,0.6192508710801394,0.8706479500891265,0.9069019103762012
68,4,random_forest,1.0,1.0,0.8615384615384616,0.8678571428571429,0.8694724481613014,0.9731534250063663,0.42200832438860203
68,4,extra_trees,1.0,1.0,0.8307692307692308,0.838095238095238,0.8350542172293645,0.9633972498090145,0.518992409218116
69,4,dummy,0.3323943661971831,0.25,0.3333333333333333,0.25,0.125,0.5,1.3656752935961411
69,4,logistic,0.7183098591549296,0.7312441596251724,0.7142857142857143,0.7196657509157509,0.7145833333333333,0.9012381077635636,0.7025606886890006
69,4,random_forest,0.9971830985915493,0.9978813559322034,0.6825396825396826,0.6628319597069597,0.6728881216959759,0.8904156599901281,0.7290865849112557
69,4,extra_trees,0.9774647887323944,0.9830508474576272,0.6349206349206349,0.6197916666666666,0.6287215451617625,0.8827064614716591,0.7690826120902737
70,2,dummy,0.5869565217391305,0.5,0.589041095890411,0.5,0.3706896551724138,0.5,0.67721462096609
70,2,logistic,0.7463768115942029,0.7527615334632878,0.7808219178082192,0.7736434108527132,0.7736434108527132,0.8651162790697675,0.4733075142953303
70,2,random_forest,0.9927536231884058,0.9938271604938271,0.9178082191780822,0.9100775193798449,0.9141849529780564,0.9829457364341085,0.2684567407770337
70,2,extra_trees,0.9879227053140096,0.9897119341563786,0.8767123287671232,0.8751937984496124,0.8732883317261331,0.9565891472868218,0.35791719825090457
71,4,dummy,0.31058823529411766,0.25,0.3108108108108108,0.25,0.11855670103092783,0.5,1.3712809265678672
71,4,logistic,0.8541176470588235,0.8615841767103539,0.8243243243243243,0.8225409538338601,0.8219689294157378,0.9612443979047829,0.4581698325004887
71,4,random_forest,0.9858823529411764,0.9853665854390317,0.8783783783783784,0.86986487959028,0.8753434065934066,0.9716646598137209,0.40827586666845067
71,4,extra_trees,0.9811764705882353,0.982160014781966,0.8108108108108109,0.8062411463441213,0.8062411463441213,0.9727817968252415,0.438856887082645
72,4,dummy,0.2918918918918919,0.25,0.2923076923076923,0.25,0.1130952380952381,0.5,1.3668051944992774
72,4,logistic,0.5243243243243243,0.5492100492100492,0.46153846153846156,0.4783203552553398,0.4803754803754804,0.7208792301594141,1.1273016429961298
72,4,random_forest,0.9891891891891892,0.9887369905227048,0.7230769230769231,0.7148614629264785,0.7246127706654022,0.8923213688541325,0.7202638140052744
72,4,extra_trees,0.9837837837837838,0.9858749055177627,0.6615384615384615,0.6599509022109641,0.6553315105946684,0.8776871408420373,0.8018152111303967
73,4,dummy,0.3324607329842932,0.25,0.3333333333333333,0.25,0.125,0.5,1.357804957547136
73,4,logistic,0.8219895287958116,0.8303641583857663,0.7878787878787878,0.7972092245989305,0.7924736866034691,0.9457125060768108,0.5796123293745676
73,4,random_forest,0.9947643979057592,0.9941252460629921,0.8484848484848485,0.8303810160427807,0.8493218339967565,0.9797013433472562,0.3967985592155218
73,4,extra_trees,0.9973821989528796,0.9980314960629921,0.8636363636363636,0.8450868983957219,0.8609651203435533,0.9785444022650382,0.4694488576194742
74,3,dummy,0.35014005602240894,0.3333333333333333,0.3492063492063492,0.3333333333333333,0.17254901960784316,0.5,1.0964581285282398
74,3,logistic,0.9523809523809523,0.9511316443119723,0.9206349206349206,0.9146730462519935,0.9159528414847564,0.9949332866534407,0.1793757544396069
74,3,random_forest,1.0,1.0,0.9206349206349206,0.912280701754386,0.9137256001270803,0.9972964562181508,0.18030069732392046
74,3,extra_trees,0.9915966386554622,0.9915707898658718,0.9047619047619048,0.8947368421052632,0.8952294685990339,0.9933967401874976,0.27007548641597534
75,2,dummy,0.5934343434343434,0.5,0.6,0.5,0.375,0.5,0.6731011567741999
75,2,logistic,0.6616161616161617,0.6630633011761596,0.6857142857142857,0.6904761904761905,0.6815550041356493,0.7346938775510204,0.6069469775259313
75,2,random_forest,1.0,1.0,0.9428571428571428,0.9404761904761905,0.9404761904761905,0.9889455782312926,0.28789575977752363
75,2,extra_trees,0.9873737373737373,0.984472049689441,0.8285714285714286,0.8095238095238095,0.8164335664335665,0.9464285714285714,0.46432291717333
76,3,dummy,0.38529411764705884,0.3333333333333333,0.38333333333333336,0.3333333333333333,0.18473895582329317,0.5,1.0821685643172587
76,3,logistic,0.9176470588235294,0.9136317629363685,0.85,0.8501537110232763,0.8399639008334661,0.9745654176470347,0.2746076681326149
76,3,random_forest,0.9970588235294118,0.9961685823754789,0.85,0.8353535353535353,0.832426348457033,0.9658835633358898,0.32802216134409723
76,3,extra_trees,1.0,1.0,0.8833333333333333,0.8727272727272727,0.8701918874027451,0.9698032961190856,0.351099978903833
77,3,dummy,0.38285714285714284,0.3333333333333333,0.3870967741935484,0.3333333333333333,0.18604651162790697,0.5,1.092328109064881
77,3,logistic,0.8,0.8015077659801823,0.7741935483870968,0.7763157894736842,0.7822128851540616,0.9140231878144974,0.5247131787043482
77,3,random_forest,0.9885714285714285,0.9877104232758868,0.8548387096774194,0.8530701754385964,0.8543832293832295,0.9673262613899088,0.37925457068070556
77,3,extra_trees,0.9514285714285714,0.9505791372384413,0.7580645161290323,0.7587719298245613,0.7639455782312924,0.9147201822385421,0.5614390530755466
78,4,dummy,0.27122641509433965,0.25,0.26666666666666666,0.25,0.10526315789473684,0.5,1.3824175024996201
78,4,logistic,0.7547169811320755,0.7567327741761667,0.68,0.6735197368421053,0.6783820015154164,0.9128377159192279,0.6636885612010875
78,4,random_forest,0.9882075471698113,0.9881574150031902,0.7866666666666666,0.7786184210526317,0.7811578665237202,0.9572863036829361,0.5257833981252162
78,4,extra_trees,0.9716981132075472,0.9720862845974465,0.7466666666666667,0.7467105263157895,0.7464774260826893,0.9390162062513758,0.6462492414283565
79,3,dummy,0.35555555555555557,0.3333333333333333,0.3611111111111111,0.3333333333333333,0.17687074829931973,0.5,1.09697072567486
79,3,logistic,0.9185185185185185,0.9200479545899394,0.9444444444444444,0.9453734671125975,0.945674971206886,0.9891873137214752,0.21453119046126481
79,3,random_forest,1.0,1.0,0.8333333333333334,0.8394648829431438,0.8335866261398177,0.9514538256774282,0.5034949258515269
79,3,extra_trees,0.9728395061728395,0.973847893695222,0.7361111111111112,0.7447045707915273,0.7345792927099918,0.9114281163970605,0.5860637664982321
80,2,dummy,0.5415676959619953,0.5,0.5405405405405406,0.5,0.3508771929824561,0.5,0.6898586231290877
80,2,logistic,0.9524940617577197,0.9521634396873011,0.8918918918918919,0.8889705882352941,0.8906134515890614,0.9779411764705882,0.18612871364862593
80,2,random_forest,0.995249406175772,0.99521634396873,0.9459459459459459,0.9433823529411764,0.9453067257945307,0.9919117647058824,0.15032658923256126
80,2,extra_trees,0.9857482185273159,0.9860467230251795,0.8918918918918919,0.8867647058823529,0.8898809523809523,0.9794117647058823,0.20444674303331165
81,2,dummy,0.5683453237410072,0.5,0.5675675675675675,0.5,0.3620689655172414,0.5,0.6839896656344469
81,2,logistic,0.9592326139088729,0.9587904360056259,0.9054054054054054,0.9055059523809523,0.903985171455051,0.9791666666666666,0.20738152636867863
81,2,random_forest,0.9976019184652278,0.9972222222222222,0.9324324324324325,0.9293154761904762,0.930905695611578,0.9925595238095238,0.1379989239353274
81,2,extra_trees,1.0,1.0,0.9324324324324325,0.9293154761904762,0.930905695611578,0.9880952380952381,0.18290926069827224
82,2,dummy,0.5564304461942258,0.5,0.5522388059701493,0.5,0.3557692307692308,0.5,0.6877149928795865
82,2,logistic,0.8083989501312336,0.8098275092106733,0.7313432835820896,0.7409909909909911,0.7312834224598931,0.8432432432432433,0.5225874028846287
82,2,random_forest,0.9973753280839895,0.9976415094339622,0.8805970149253731,0.8824324324324324,0.8799283154121864,0.9531531531531531,0.3743112993739236
82,2,extra_trees,1.0,1.0,0.8059701492537313,0.8085585585585586,0.805276101050749,0.8882882882882883,0.46616339432263687
83,3,dummy,0.3673469387755102,0.3333333333333333,0.37142857142857144,0.3333333333333333,0.18055555555555555,0.5,1.0947986334385116
83,3,logistic,0.9005102040816326,0.9048682134352449,0.9142857142857143,0.9119551945638902,0.916639656429787,0.9815030112539033,0.26997963981877154
83,3,random_forest,0.9923469387755102,0.9925692499221911,0.9,0.900806922546053,0.9020065887990416,0.9817292589291305,0.2851338911133591
83,3,extra_trees,0.9872448979591837,0.9884259259259259,0.8857142857142857,0.8863141689228645,0.8891900030111413,0.9585406975885368,0.4237339426637917
84,4,dummy,0.2997601918465228,0.25,0.2972972972972973,0.25,0.11458333333333333,0.5,1.3738933891791512
84,4,logistic,0.935251798561151,0.9343277147307522,0.7972972972972973,0.7903280929596719,0.7825371853546911,0.9766344401212822,0.3499520488050964
84,4,random_forest,0.9832134292565947,0.9828118046283935,0.8918918918918919,0.8806390977443609,0.8809734462890848,0.986821621361095,0.26723172100854686
84,4,extra_trees,0.9784172661870504,0.9789274588340009,0.8378378378378378,0.8327067669172932,0.8197089502260623,0.9852167569272832,0.33818906136943344
85,2,dummy,0.5218579234972678,0.5,0.5230769230769231,0.5,0.3434343434343434,0.5,0.6920846911672992
85,2,logistic,0.8825136612021858,0.8831264023934181,0.8615384615384616,0.8605313092979128,0.8610121168923734,0.9193548387096774,0.3560494555198948
85,2,random_forest,0.9918032786885246,0.9921465968586387,0.9230769230769231,0.922201138519924,0.922784509384652,0.9753320683111955,0.26662828389092913
85,2,extra_trees,0.994535519125683,0.9945250560957368,0.8923076923076924,0.889943074003795,0.8913821914538076,0.9554079696394687,0.3300002660600112
86,2,dummy,0.5181347150259067,0.5,0.5147058823529411,0.5,0.33980582524271846,0.5,0.6927381332631116
86,2,logistic,0.9145077720207254,0.9158064516129032,0.9705882352941176,0.9714285714285714,0.9705882352941176,0.9939393939393939,0.1102845205684217
86,2,random_forest,0.9948186528497409,0.995,0.9705882352941176,0.9714285714285714,0.9705882352941176,0.9948051948051948,0.13839275833349313
86,2,extra_trees,0.9896373056994818,0.9898118279569892,0.9411764705882353,0.9419913419913419,0.9411764705882353,0.9861471861471862,0.15625439234917426
87,3,dummy,0.43765903307888043,0.3333333333333333,0.43478260869565216,0.3333333333333333,0.20202020202020202,0.5,1.0719207025819677
87,3,logistic,0.6310432569974554,0.6440324582718788,0.6086956521739131,0.6332739156268569,0.6180814123750157,0.7684922943371003,0.8883871758542293
87,3,random_forest,0.9974554707379135,0.998062015503876,0.8695652173913043,0.8708853238265003,0.8691768180140272,0.9675780299059399,0.40057648368663373
87,3,extra_trees,0.989821882951654,0.9922480620155039,0.7971014492753623,0.802792632204397,0.7982160323508373,0.9291735428155955,0.5437593682178885
88,3,dummy,0.3710144927536232,0.3333333333333333,0.36666666666666664,0.3333333333333333,0.17886178861788618,0.5,1.0927079750527537
88,3,logistic,0.8927536231884058,0.8964431244260789,0.9,0.906926406926407,0.9021164021164022,0.9686773255064708,0.3431247990939529
88,3,random_forest,1.0,1.0,0.9166666666666666,0.9169000933706816,0.9128205128205128,0.9872691048441643,0.35822025052184464
88,3,extra_trees,0.9971014492753624,0.997245179063361,0.8166666666666667,0.8200916730328496,0.8195015675646952,0.914560701496406,0.5420960420388778
89,2,dummy,0.5788177339901478,0.5,0.5833333333333334,0.5,0.3684210526315789,0.5,0.6792351278081983
89,2,logistic,0.8448275862068966,0.8452532039318154,0.8333333333333334,0.8380952380952381,0.83125,0.9007936507936508,0.3883005869428929
89,2,random_forest,0.9876847290640394,0.9869727510265024,0.8611111111111112,0.8476190476190477,0.8538961038961039,0.957936507936508,0.30762450378702105
89,2,extra_trees,0.9926108374384236,0.9936170212765958,0.8194444444444444,0.8023809523809524,0.8087844739530132,0.9293650793650794,0.3873581731792108
90,4,dummy,0.32273838630806845,0.25,0.3150684931506849,0.25,0.11979166666666667,0.5,1.3653902369807196
90,4,logistic,0.7701711491442543,0.7859478191925,0.589041095890411,0.6021050560692505,0.5745601851851851,0.9066921128582689,0.7271975801526512
90,4,random_forest,0.9779951100244498,0.9782667096496884,0.5616438356164384,0.5536518788117253,0.5596980965258997,0.8657482665559441,0.8360476950046529
90,4,extra_trees,0.9437652811735942,0.9518455834945196,0.4657534246575342,0.44922044068463507,0.4358199643493761,0.8253539706726384,0.9562403101065015
91,4,dummy,0.30985915492957744,0.25,0.3064516129032258,0.25,0.11728395061728394,0.5,1.352215788879806
91,4,logistic,0.8704225352112676,0.8683416548437557,0.7096774193548387,0.692294461644307,0.6888724198506807,0.9335469995485319,0.5613661709434974
91,4,random_forest,0.9915492957746479,0.9926252319109462,0.9032258064516129,0.8887168902648779,0.8929504018513306,0.9776242016478962,0.3836093478099923
91,4,extra_trees,0.9859154929577465,0.9877483379715523,0.8064516129032258,0.7774337805297558,0.7793934607982596,0.96587248434088,0.4340034573378183
92,2,dummy,0.5401662049861495,0.5,0.5396825396825397,0.5,0.35051546391752575,0.5,0.689994928912133
92,2,logistic,0.8975069252077562,0.8984090206981773,0.873015873015873,0.8722109533468559,0.8722109533468559,0.9239350912778904,0.3603091066608008
92,2,random_forest,0.9944598337950139,0.9948717948717949,0.8253968253968254,0.8154158215010142,0.8188235294117647,0.9432048681541582,0.37687033630292743
92,2,extra_trees,0.9833795013850416,0.9832715477293791,0.7936507936507936,0.7910750507099391,0.7917620137299771,0.8864097363083164,0.4662855721085656
93,2,dummy,0.5921787709497207,0.5,0.59375,0.5,0.37254901960784315,0.5,0.6754696957451813
93,2,logistic,0.8854748603351955,0.8862432153011114,0.90625,0.902834008097166,0.902834008097166,0.9109311740890688,0.39923234379526557
93,2,random_forest,0.9888268156424581,0.9894998707676401,0.890625,0.8836032388663968,0.8859180035650625,0.9696356275303644,0.25486361954149783
93,2,extra_trees,0.9972067039106145,0.9976415094339622,0.890625,0.8836032388663968,0.8859180035650625,0.9463562753036437,0.36278203394877384
94,2,dummy,0.5069767441860465,0.5,0.5131578947368421,0.5,0.3391304347826087,0.5,0.6928773190607799
94,2,logistic,0.9372093023255814,0.9374242686515493,0.9078947368421053,0.9088704088704089,0.9078787878787878,0.9771309771309771,0.19883742730124818
94,2,random_forest,0.9976744186046511,0.9976415094339622,0.9473684210526315,0.9466389466389467,0.9472222222222222,0.9847539847539848,0.17684230573500082
94,2,extra_trees,0.9930232558139535,0.9929894408862732,0.9342105263157895,0.9331254331254331,0.9339245348635019,0.9882189882189882,0.22452808972367827
95,3,dummy,0.4005524861878453,0.3333333333333333,0.4,0.3333333333333333,0.19047619047619047,0.5,1.087124315187718
95,3,logistic,0.8922651933701657,0.8871254543668337,0.8923076923076924,0.8783068783068783,0.8818181818181818,0.9728530092687212,0.3275513779763915
95,3,random_forest,1.0,1.0,0.7230769230769231,0.7000407000407001,0.6971581963193351,0.8949175786327995,0.5700212354279609
95,3,extra_trees,0.9917127071823204,0.9925532960015718,0.7230769230769231,0.7004477004477004,0.6897222222222221,0.8741736078069957,0.6199838829590868
96,4,dummy,0.3367088607594937,0.25,0.34285714285714286,0.25,0.1276595744680851,0.5,1.346076516285827
96,4,logistic,0.739240506329114,0.748410572892408,0.6285714285714286,0.6587121212121212,0.6299028352599781,0.8712788375650387,0.8690815404433456
96,4,random_forest,0.9822784810126582,0.9850802337702664,0.8428571428571429,0.8318181818181818,0.847785716751234,0.9667839457582457,0.4247830776231064
96,4,extra_trees,0.9772151898734177,0.9798916539135449,0.8142857142857143,0.8128787878787879,0.8160571507345701,0.9649478154797794,0.5046323053697572
97,2,dummy,0.5862068965517241,0.5,0.5901639344262295,0.5,0.3711340206185567,0.5,0.6768311311221494
97,2,logistic,0.9281609195402298,0.9295343137254901,0.8688524590163934,0.8644444444444443,0.8644444444444443,0.9600000000000001,0.2529419449440644
97,2,random_forest,0.9885057471264368,0.9901960784313726,0.8852459016393442,0.8844444444444444,0.8820767743717206,0.9822222222222222,0.20314494132445898
97,2,extra_trees,0.9827586206896551,0.9842728758169934,0.8852459016393442,0.8844444444444444,0.8820767743717206,0.9644444444444444,0.252658458578339
98,3,dummy,0.35294117647058826,0.3333333333333333,0.35135135135135137,0.3333333333333333,0.17333333333333334,0.5,1.097932286501383
98,3,logistic,0.8070588235294117,0.8107777307565712,0.7702702702702703,0.7745726495726496,0.767094017094017,0.8782478632478633,0.6380046751534892
98,3,random_forest,0.9929411764705882,0.9931574740207835,0.8513513513513513,0.8547008547008547,0.8504273504273504,0.967948717948718,0.4128547156820744
98,3,extra_trees,0.9929411764705882,0.9931574740207835,0.7432432432432432,0.75,0.7346438861422214,0.9255341880341881,0.513560986188737
99,2,dummy,0.5452380952380952,0.5,0.5405405405405406,0.5,0.3508771929824561,0.5,0.6899009721455898
99,2,logistic,0.9261904761904762,0.9236265118086833,0.9594594594594594,0.9558823529411764,0.9588507877664505,0.9816176470588235,0.18494030610302964
99,2,random_forest,0.9880952380952381,0.9877797846315646,0.9054054054054054,0.9036764705882353,0.9045513174866409,0.9816176470588235,0.21746071506595313
99,2,extra_trees,0.9928571428571429,0.992580991792222,0.9459459459459459,0.9433823529411764,0.9453067257945307,0.986764705882353,0.26273080478076094
